{"metadata":{"asset_id":"7c7e7756-7eb5-485e-8938-786f1a2b621e","asset_attributes":["data_asset"],"name":"challengers.csv","asset_type":"data_asset","created_at":"2021-12-08T02:41:55Z","description":"","origin_country":"us","owner_id":"IBMid-662002VJOT","project_id":"9fc7c840-f4a6-4254-8e65-4a43db8150ba","size":388,"tags":[],"usage":{"last_update_time":1638931317032,"last_updated_at":"2021-12-08T02:41:57Z"}},"entity":{"data_asset":{"mime_type":"text/csv","dataset":false}},"attachments":[{"id":"a82021ef-d167-4d4c-a0ea-dd93f66c0867","version":2,"asset_type":"data_asset","name":"challengers.csv","mime":"text/csv","datasource_type":"193a97c1-4475-4a19-b90c-295c4fdc6517","object_key":"challengers.csv","creator_id":"IBMid-662002VJOT","create_time":1638931317031,"size":388,"is_remote":false,"is_managed":false,"is_referenced":true,"is_object_key_read_only":true,"is_user_provided_path_key":true,"transfer_complete":true,"is_partitioned":false,"complete_time_ticks":1638931317031,"user_data":{},"test_doc":0,"handle":{"bucket":"riskanalysisofspaceshuttlechallen-donotdelete-pr-dgfuc1dt7pqq89","location":"eu-geo","key":"challengers.csv","upload_id":"done","max_part_num":1},"usage":{"access_count":0,"last_accessor_id":"IBMid-662002VJOT","last_access_time":1638931317031}}]}
