{"metadata":{"asset_id":"7f8f7967-1306-465b-b90e-e526615ff767","asset_attributes":["data_flow"],"name":"challengers.csv_flow","asset_type":"data_flow","created_at":"2021-12-08T03:10:58Z","description":"","origin_country":"us","owner_id":"IBMid-662002VJOT","project_id":"9fc7c840-f4a6-4254-8e65-4a43db8150ba","size":0,"tags":[],"usage":{"last_update_time":1638933058102,"last_updated_at":"2021-12-08T03:10:58Z"}},"entity":{"data_flow":{"pipeline":{"primary_pipeline":"pipeline1","pipelines":[{"nodes":[{"output":{"id":"source1output"},"data_asset":{"ref":"7c7e7756-7eb5-485e-8938-786f1a2b621e","app_data":{"dataset_name":"challengers.csv"},"properties":{"first_line_header":"true","encoding":"UTF-8","invalid_data_handling":"fail","file_format":"csv"}},"id":"source1","type":"binding"},{"outputs":[{"id":"outputPort1"}],"op":"com.ibm.wdp.transformer.FreeformCode","inputs":[{"links":[{"node_id_ref":"source1","port_id_ref":"source1output"}],"id":"inputPort1"}],"id":"a772b9fe-3258-4d8f-99f9-fa2890b87a3e","type":"execution_node","app_data":{"uiParams":{"args":{"auto":true,"autoGroupingSymbol":"","type":"mutate","conditions":[{"removeColumn":false,"newColumnName":"","actualType":"String","groupingMarker":"","column":"o_ring_ct","format":"","type":"as.integer"}],"autoDecimalSymbol":".","version":6,"autoConditions":[{"removeColumn":false,"newColumnName":"","actualType":"character","groupingMarker":"","decimalMarker":".","column":"o_ring_failures","format":"","type":"as.integer"},{"removeColumn":false,"newColumnName":"","actualType":"character","groupingMarker":"","decimalMarker":".","column":"temperature","format":"","type":"as.integer"},{"removeColumn":false,"newColumnName":"","actualType":"character","groupingMarker":"","decimalMarker":".","column":"pressure","format":"","type":"as.integer"},{"removeColumn":false,"newColumnName":"","actualType":"character","groupingMarker":"","decimalMarker":".","column":"launch_id","format":"","type":"as.integer"}]},"code":"mutate(`o_ring_ct` = as.integer(`o_ring_ct`),`o_ring_failures` = as.integer(`o_ring_failures`),`temperature` = as.integer(`temperature`),`pressure` = as.integer(`pressure`),`launch_id` = as.integer(`launch_id`))","key":"mutate"}},"parameters":{"FREEFORM_CODE":"mutate(`o_ring_ct` = as.integer(`o_ring_ct`),`o_ring_failures` = as.integer(`o_ring_failures`),`temperature` = as.integer(`temperature`),`pressure` = as.integer(`pressure`),`launch_id` = as.integer(`launch_id`))"}},{"input":{"link":{"node_id_ref":"a772b9fe-3258-4d8f-99f9-fa2890b87a3e","port_id_ref":"outputPort1"},"id":"targetInput1"},"data_asset":{"project_ref":"9fc7c840-f4a6-4254-8e65-4a43db8150ba","app_data":{"targetType":"dataAsset","project_name":"Risk Analysis of Space Shuttle (Challenger)"},"properties":{"mode":"overwrite","name":"challengers_csv_shaped","first_line_header":true,"file_format":"csv"}},"id":"target1","type":"binding"}],"runtime":"Spark","id":"pipeline1"}],"doc_type":"pipeline","id":"6e44d00b-00b5-4d7d-9acb-6e0c2aaa972b","app_data":{"replace_space_by_dot":true,"shaperCreated":true},"version":"1.0"},"_entity_only":true}}}
