{"metadata":{"asset_id":"491e125e-78f2-4dfd-818d-74a2e5a4c57c","asset_attributes":["data_flow"],"name":"bank.csv_flow","asset_type":"data_flow","created_at":"2021-12-10T10:32:36Z","description":"","origin_country":"us","owner_id":"IBMid-662002VJOT","project_id":"66c94feb-1a95-4a6e-b033-e1bfecda46f3","size":0,"tags":[],"usage":{"last_update_time":1639132356811,"last_updated_at":"2021-12-10T10:32:36Z"}},"entity":{"data_flow":{"pipeline":{"primary_pipeline":"pipeline1","pipelines":[{"nodes":[{"output":{"id":"source1output"},"data_asset":{"ref":"f9afa750-9f01-4e97-9965-34b722632a55","app_data":{"dataset_name":"bank.csv"},"properties":{"first_line_header":"true","encoding":"UTF-8","invalid_data_handling":"fail","file_format":"csv"}},"id":"source1","type":"binding"},{"outputs":[{"id":"outputPort1"}],"op":"com.ibm.wdp.transformer.FreeformCode","inputs":[{"links":[{"node_id_ref":"source1","port_id_ref":"source1output"}],"id":"inputPort1"}],"id":"4f6d887a-50f9-4bd8-af83-7736952a23dc","type":"execution_node","app_data":{"uiParams":{"args":{"auto":true,"type":"mutate","conditions":[],"version":6,"autoConditions":[{"removeColumn":false,"newColumnName":"","actualType":"character","column":"age","format":"","type":"as.integer"},{"removeColumn":false,"newColumnName":"","actualType":"character","column":"balance","format":"","type":"as.integer"},{"removeColumn":false,"newColumnName":"","actualType":"character","column":"day","format":"","type":"as.integer"},{"removeColumn":false,"newColumnName":"","actualType":"character","column":"duration","format":"","type":"as.integer"},{"removeColumn":false,"newColumnName":"","actualType":"character","column":"campaign","format":"","type":"as.integer"},{"removeColumn":false,"newColumnName":"","actualType":"character","column":"pdays","format":"","type":"as.integer"},{"removeColumn":false,"newColumnName":"","actualType":"character","column":"previous","format":"","type":"as.integer"}]},"code":"mutate(`age` = as.integer(`age`),`balance` = as.integer(`balance`),`day` = as.integer(`day`),`duration` = as.integer(`duration`),`campaign` = as.integer(`campaign`),`pdays` = as.integer(`pdays`),`previous` = as.integer(`previous`))","automatic":true,"key":"mutate"}},"parameters":{"FREEFORM_CODE":"mutate(`age` = as.integer(`age`),`balance` = as.integer(`balance`),`day` = as.integer(`day`),`duration` = as.integer(`duration`),`campaign` = as.integer(`campaign`),`pdays` = as.integer(`pdays`),`previous` = as.integer(`previous`))"}},{"input":{"link":{"node_id_ref":"4f6d887a-50f9-4bd8-af83-7736952a23dc","port_id_ref":"outputPort1"},"id":"targetInput1"},"data_asset":{"project_ref":"66c94feb-1a95-4a6e-b033-e1bfecda46f3","app_data":{"targetType":"dataAsset","project_name":"Term Deposit"},"properties":{"mode":"overwrite","name":"bank_csv_shaped","first_line_header":true,"file_format":"csv"}},"id":"target1","type":"binding"}],"runtime":"Spark","id":"pipeline1"}],"doc_type":"pipeline","id":"1c669884-c23c-40b8-b6c4-9b08585be7dd","app_data":{"replace_space_by_dot":true,"shaperCreated":true},"version":"1.0"},"_entity_only":true}}}
