{"metadata":{"asset_id":"f9afa750-9f01-4e97-9965-34b722632a55","asset_attributes":["data_asset"],"name":"bank.csv","asset_type":"data_asset","created_at":"2021-12-10T10:30:28Z","description":"","origin_country":"us","owner_id":"IBMid-662002VJOT","project_id":"66c94feb-1a95-4a6e-b033-e1bfecda46f3","size":918960,"tags":[],"usage":{"last_update_time":1639132230124,"last_updated_at":"2021-12-10T10:30:30Z"}},"entity":{"data_asset":{"mime_type":"text/csv","dataset":false}},"attachments":[{"id":"5221aa9d-6565-4fe6-b8c4-a1208b435af0","version":2,"asset_type":"data_asset","name":"bank.csv","mime":"text/csv","datasource_type":"193a97c1-4475-4a19-b90c-295c4fdc6517","object_key":"bank.csv","creator_id":"IBMid-662002VJOT","create_time":1639132230123,"size":918960,"is_remote":false,"is_managed":false,"is_referenced":true,"is_object_key_read_only":true,"is_user_provided_path_key":true,"transfer_complete":true,"is_partitioned":false,"complete_time_ticks":1639132230123,"user_data":{},"test_doc":0,"handle":{"bucket":"termdeposit-donotdelete-pr-6nvhssdkhjhklr","location":"eu-geo","key":"bank.csv","upload_id":"done","max_part_num":1},"usage":{"access_count":0,"last_accessor_id":"IBMid-662002VJOT","last_access_time":1639132230123}}]}
