{"metadata":{"asset_id":"6d844d41-f7ea-4cce-887b-50d516c7c1e1","asset_attributes":["data_asset"],"name":"insurance .csv","asset_type":"data_asset","created_at":"2021-12-09T13:25:36Z","description":"","origin_country":"us","owner_id":"IBMid-662002VJOT","project_id":"82e3ad9c-cf57-4a21-ba8d-ea5a16d7dfc5","size":55628,"tags":[],"usage":{"last_update_time":1639056338013,"last_updated_at":"2021-12-09T13:25:38Z"}},"entity":{"data_asset":{"mime_type":"text/csv","dataset":false}},"attachments":[{"id":"e088e703-7685-43d2-9890-601a632ce6a9","version":2,"asset_type":"data_asset","name":"insurance .csv","mime":"text/csv","datasource_type":"193a97c1-4475-4a19-b90c-295c4fdc6517","object_key":"insurance .csv","creator_id":"IBMid-662002VJOT","create_time":1639056338011,"size":55628,"is_remote":false,"is_managed":false,"is_referenced":true,"is_object_key_read_only":true,"is_user_provided_path_key":true,"transfer_complete":true,"is_partitioned":false,"complete_time_ticks":1639056338011,"user_data":{},"test_doc":0,"handle":{"bucket":"medicalpremiumcharges-donotdelete-pr-nmpks8sb579to2","location":"eu-geo","key":"insurance .csv","upload_id":"done","max_part_num":1},"usage":{"access_count":0,"last_accessor_id":"IBMid-662002VJOT","last_access_time":1639056338011}}]}
