{"metadata":{"asset_id":"0c258215-15e5-4eda-adb0-ac570bcc4985","asset_attributes":["data_flow"],"name":"insurance .csv_flow","asset_type":"data_flow","created_at":"2021-12-09T13:32:18Z","description":"","origin_country":"us","owner_id":"IBMid-662002VJOT","project_id":"82e3ad9c-cf57-4a21-ba8d-ea5a16d7dfc5","size":0,"tags":[],"usage":{"last_update_time":1639057187742,"last_updated_at":"2021-12-09T13:39:47Z"}},"entity":{"data_flow":{"pipeline":{"version":"1.0","doc_type":"pipeline","app_data":{"shaperCreated":true,"replace_space_by_dot":true},"primary_pipeline":"pipeline1","pipelines":[{"id":"pipeline1","nodes":[{"output":{"id":"source1output"},"data_asset":{"ref":"6d844d41-f7ea-4cce-887b-50d516c7c1e1","app_data":{"dataset_name":"insurance .csv"},"properties":{"first_line_header":"true","encoding":"UTF-8","invalid_data_handling":"fail","file_format":"csv"}},"id":"source1","type":"binding"},{"id":"c1a84a01-2ba2-4f33-897e-cafa3c0add1c","type":"execution_node","op":"com.ibm.wdp.transformer.FreeformCode","app_data":{"uiParams":{"key":"mutate","code":"mutate(`age` = as.integer(`age`),`bmi` = as.double(`bmi`),`children` = as.integer(`children`),`premium` = as.double(`premium`))","args":{"type":"mutate","conditions":[],"auto":true,"autoConditions":[{"column":"age","type":"as.integer","newColumnName":"","format":"","actualType":"character","removeColumn":false},{"column":"bmi","type":"as.double","newColumnName":"","format":"","actualType":"character","removeColumn":false},{"column":"children","type":"as.integer","newColumnName":"","format":"","actualType":"character","removeColumn":false},{"column":"premium","type":"as.double","newColumnName":"","format":"","actualType":"character","removeColumn":false}],"version":6},"automatic":true}},"parameters":{"FREEFORM_CODE":"mutate(`age` = as.integer(`age`),`bmi` = as.double(`bmi`),`children` = as.integer(`children`),`premium` = as.double(`premium`))"},"inputs":[{"id":"inputPort1","links":[{"node_id_ref":"source1","port_id_ref":"source1output"}]}],"outputs":[{"id":"outputPort1"}]},{"input":{"link":{"node_id_ref":"c1a84a01-2ba2-4f33-897e-cafa3c0add1c","port_id_ref":"outputPort1"},"id":"targetInput1"},"data_asset":{"project_ref":"82e3ad9c-cf57-4a21-ba8d-ea5a16d7dfc5","app_data":{"targetType":"dataAsset","project_name":"Medical Premium Charges"},"properties":{"mode":"overwrite","name":"insurance _csv_shaped","first_line_header":true,"file_format":"csv"}},"id":"target1","type":"binding"}],"runtime":"Spark"}],"id":"07e24a3c-8027-46ed-9d8e-8477842f9a23"},"_entity_only":true}}}
