[{"name":"Medical Premium Charges","description":"Analysis%20of%20Medical%20Premium%20Charges%20for%20Insurers","origin_country":"us","asset_type":"machine-learning-stream","entity":{"machine-learning-stream":{"path":"/v1/ml-streams","properties":{"runtime":"spss-modeler","lock":{}},"flow_type":"spss"},"machine-learning-canvas-flow":{"properties":{}}},"attachments":[{"object_key":"machine-learning-stream/MedicalPremiumCharges_O-4StGVqQd-TkSDsC_SgV.str","asset_type":"machine-learning-canvas-flow","user_data":{}}]}]
