{"metadata":{"asset_id":"a6de2843-6460-4b5c-8238-7f4958f6494c","asset_attributes":["data_asset"],"name":"diabetes.csv","asset_type":"data_asset","created_at":"2021-12-10T18:39:28Z","description":"","origin_country":"us","owner_id":"IBMid-662002VJOT","project_id":"81e2886f-6326-4b04-9188-1e180cc7c88b","size":25412,"tags":[],"usage":{"last_update_time":1639161569560,"last_updated_at":"2021-12-10T18:39:29Z"}},"entity":{"data_asset":{"mime_type":"text/csv","dataset":false}},"attachments":[{"id":"75409adf-7e91-43ba-8c79-21b882522b62","version":2,"asset_type":"data_asset","name":"diabetes.csv","mime":"text/csv","datasource_type":"193a97c1-4475-4a19-b90c-295c4fdc6517","object_key":"diabetes.csv","creator_id":"IBMid-662002VJOT","create_time":1639161569560,"size":25412,"is_remote":false,"is_managed":false,"is_referenced":true,"is_object_key_read_only":true,"is_user_provided_path_key":true,"transfer_complete":true,"is_partitioned":false,"complete_time_ticks":1639161569560,"user_data":{},"test_doc":0,"handle":{"bucket":"diabetesanalysis-donotdelete-pr-dzzsbpyzzthy9f","location":"eu-geo","key":"diabetes.csv","upload_id":"done","max_part_num":1},"usage":{"access_count":0,"last_accessor_id":"IBMid-662002VJOT","last_access_time":1639161569560}}]}
