{"metadata":{"asset_id":"319b6c4b-2a6e-494d-8e89-f34d74b4677f","asset_attributes":["data_flow"],"name":"diabetes.csv_flow","asset_type":"data_flow","created_at":"2021-12-10T18:45:59Z","description":"","origin_country":"us","owner_id":"IBMid-662002VJOT","project_id":"81e2886f-6326-4b04-9188-1e180cc7c88b","size":0,"tags":[],"usage":{"last_update_time":1639161959451,"last_updated_at":"2021-12-10T18:45:59Z"}},"entity":{"data_flow":{"pipeline":{"primary_pipeline":"pipeline1","pipelines":[{"nodes":[{"output":{"id":"source1output"},"data_asset":{"ref":"a6de2843-6460-4b5c-8238-7f4958f6494c","app_data":{"dataset_name":"diabetes.csv"},"properties":{"first_line_header":"true","encoding":"UTF-8","invalid_data_handling":"fail","file_format":"csv"}},"id":"source1","type":"binding"},{"outputs":[{"id":"outputPort1"}],"op":"com.ibm.wdp.transformer.FreeformCode","inputs":[{"links":[{"node_id_ref":"source1","port_id_ref":"source1output"}],"id":"inputPort1"}],"id":"a4b67feb-fe9d-4d3b-966e-43ae90f437db","type":"execution_node","app_data":{"uiParams":{"args":{"auto":true,"type":"mutate","conditions":[],"version":6,"autoConditions":[{"removeColumn":false,"newColumnName":"","actualType":"character","column":"Pregnancies","format":"","type":"as.integer"},{"removeColumn":false,"newColumnName":"","actualType":"character","column":"Glucose","format":"","type":"as.integer"},{"removeColumn":false,"newColumnName":"","actualType":"character","column":"BloodPressure","format":"","type":"as.integer"},{"removeColumn":false,"newColumnName":"","actualType":"character","column":"SkinThickness","format":"","type":"as.integer"},{"removeColumn":false,"newColumnName":"","actualType":"character","column":"Insulin","format":"","type":"as.integer"},{"removeColumn":false,"newColumnName":"","actualType":"character","column":"BMI","format":"","type":"as.double"},{"removeColumn":false,"newColumnName":"","actualType":"character","column":"DiabetesPedigreeFunction","format":"","type":"as.double"},{"removeColumn":false,"newColumnName":"","actualType":"character","column":"Age","format":"","type":"as.integer"}]},"code":"mutate(`Pregnancies` = as.integer(`Pregnancies`),`Glucose` = as.integer(`Glucose`),`BloodPressure` = as.integer(`BloodPressure`),`SkinThickness` = as.integer(`SkinThickness`),`Insulin` = as.integer(`Insulin`),`BMI` = as.double(`BMI`),`DiabetesPedigreeFunction` = as.double(`DiabetesPedigreeFunction`),`Age` = as.integer(`Age`))","automatic":true,"key":"mutate"}},"parameters":{"FREEFORM_CODE":"mutate(`Pregnancies` = as.integer(`Pregnancies`),`Glucose` = as.integer(`Glucose`),`BloodPressure` = as.integer(`BloodPressure`),`SkinThickness` = as.integer(`SkinThickness`),`Insulin` = as.integer(`Insulin`),`BMI` = as.double(`BMI`),`DiabetesPedigreeFunction` = as.double(`DiabetesPedigreeFunction`),`Age` = as.integer(`Age`))"}},{"input":{"link":{"node_id_ref":"a4b67feb-fe9d-4d3b-966e-43ae90f437db","port_id_ref":"outputPort1"},"id":"targetInput1"},"data_asset":{"project_ref":"81e2886f-6326-4b04-9188-1e180cc7c88b","app_data":{"targetType":"dataAsset","project_name":"Diabetes Analysis"},"properties":{"mode":"overwrite","name":"diabetes_csv_shaped","first_line_header":true,"file_format":"csv"}},"id":"target1","type":"binding"}],"runtime":"Spark","id":"pipeline1"}],"doc_type":"pipeline","id":"b4fd2936-06ff-4020-adf6-2ae3f7aad603","app_data":{"replace_space_by_dot":true,"shaperCreated":true},"version":"1.0"},"_entity_only":true}}}
