{"metadata":{"asset_id":"692d30d1-c5b3-4ebe-bf70-11d8f092e033","asset_attributes":["data_flow"],"name":"Mall_Customers.csv_flow","asset_type":"data_flow","created_at":"2021-12-08T10:14:46Z","description":"","origin_country":"us","owner_id":"IBMid-662002VJOT","project_id":"31b8c716-73b6-4a93-9426-77b2338ef7f4","size":0,"tags":[],"usage":{"last_update_time":1638958486828,"last_updated_at":"2021-12-08T10:14:46Z"}},"entity":{"data_flow":{"pipeline":{"primary_pipeline":"pipeline1","pipelines":[{"nodes":[{"output":{"id":"source1output"},"data_asset":{"ref":"b570f9c7-85df-40a5-9ecb-f9e879090e33","app_data":{"dataset_name":"Mall_Customers.csv"},"properties":{"first_line_header":"true","encoding":"UTF-8","invalid_data_handling":"fail","file_format":"csv"}},"id":"source1","type":"binding"},{"outputs":[{"id":"outputPort1"}],"op":"com.ibm.wdp.transformer.FreeformCode","inputs":[{"links":[{"node_id_ref":"source1","port_id_ref":"source1output"}],"id":"inputPort1"}],"id":"7eb97dac-e2e9-4e78-ba85-33de4b9c6ef2","type":"execution_node","app_data":{"uiParams":{"args":{"auto":true,"type":"mutate","conditions":[],"version":6,"autoConditions":[{"removeColumn":false,"newColumnName":"","actualType":"character","column":"CustomerID","format":"","type":"as.integer"},{"removeColumn":false,"newColumnName":"","actualType":"character","column":"Age","format":"","type":"as.integer"},{"removeColumn":false,"newColumnName":"","actualType":"character","column":"Annual Income (k$)","format":"","type":"as.integer"},{"removeColumn":false,"newColumnName":"","actualType":"character","column":"Spending Score (1-100)","format":"","type":"as.integer"}]},"code":"mutate(`CustomerID` = as.integer(`CustomerID`),`Age` = as.integer(`Age`),`Annual Income (k$)` = as.integer(`Annual Income (k$)`),`Spending Score (1-100)` = as.integer(`Spending Score (1-100)`))","automatic":true,"key":"mutate"}},"parameters":{"FREEFORM_CODE":"mutate(`CustomerID` = as.integer(`CustomerID`),`Age` = as.integer(`Age`),`Annual Income (k$)` = as.integer(`Annual Income (k$)`),`Spending Score (1-100)` = as.integer(`Spending Score (1-100)`))"}},{"input":{"link":{"node_id_ref":"7eb97dac-e2e9-4e78-ba85-33de4b9c6ef2","port_id_ref":"outputPort1"},"id":"targetInput1"},"data_asset":{"project_ref":"31b8c716-73b6-4a93-9426-77b2338ef7f4","app_data":{"targetType":"dataAsset","project_name":"Segmentation of Mall Customers"},"properties":{"mode":"overwrite","name":"Mall_Customers_csv_shaped","first_line_header":true,"file_format":"csv"}},"id":"target1","type":"binding"}],"runtime":"Spark","id":"pipeline1"}],"doc_type":"pipeline","id":"45c5c1bb-f2ff-4570-babe-dce4bedf48bb","app_data":{"replace_space_by_dot":true,"shaperCreated":true},"version":"1.0"},"_entity_only":true}}}
