{"metadata":{"asset_id":"b570f9c7-85df-40a5-9ecb-f9e879090e33","asset_attributes":["data_asset"],"name":"Mall_Customers.csv","asset_type":"data_asset","created_at":"2021-12-08T09:54:12Z","description":"","origin_country":"us","owner_id":"IBMid-662002VJOT","project_id":"31b8c716-73b6-4a93-9426-77b2338ef7f4","size":3981,"tags":[],"usage":{"last_update_time":1638957254297,"last_updated_at":"2021-12-08T09:54:14Z"}},"entity":{"data_asset":{"mime_type":"text/csv","dataset":false}},"attachments":[{"id":"36e02633-bf46-4974-bfd3-f95b4b1ff00a","version":2,"asset_type":"data_asset","name":"Mall_Customers.csv","mime":"text/csv","datasource_type":"193a97c1-4475-4a19-b90c-295c4fdc6517","object_key":"Mall_Customers.csv","creator_id":"IBMid-662002VJOT","create_time":1638957254297,"size":3981,"is_remote":false,"is_managed":false,"is_referenced":true,"is_object_key_read_only":true,"is_user_provided_path_key":true,"transfer_complete":true,"is_partitioned":false,"complete_time_ticks":1638957254297,"user_data":{},"test_doc":0,"handle":{"bucket":"segmentationofmallcustomers-donotdelete-pr-as007t0ogaa0mu","location":"eu-geo","key":"Mall_Customers.csv","upload_id":"done","max_part_num":1},"usage":{"access_count":0,"last_accessor_id":"IBMid-662002VJOT","last_access_time":1638957254297}}]}
